Timestamp,User Count,Type,Name,Requests/s,Failures/s,50%,66%,75%,80%,90%,95%,98%,99%,99.9%,99.99%,100%,Total Request Count,Total Failure Count,Total Median Response Time,Total Average Response Time,Total Min Response Time,Total Max Response Time,Total Average Content Size
1789458902,0,,Aggregated,0.000000,0.000000,N/A,N/A,N/A,N/A,N/A,N/A,N/A,N/A,N/A,N/A,N/A,0,0,0,0.0,0,0,0
1789458903,8,POST,POST /api/v1/auth/login,0.000000,0.000000,0,0,0,0,0,0,0,0,0,0,0,2,2,510.0,714.1516954980034,506.68968399986625,921.6137069961405,146.0
1789458903,8,,Aggregated,0.000000,0.000000,0,0,0,0,0,0,0,0,0,0,0,2,2,510.0,714.1516954980034,506.68968399986625,921.6137069961405,146.0
1789458904,9,POST,POST /api/v1/auth/login,0.000000,0.000000,1100,1100,1200,1200,1200,1200,1200,1200,1200,1200,1200,13,13,1100.0,962.6583859219234,111.06381999707082,1247.8781359968707,147.92307692307693
1789458904,9,,Aggregated,0.000000,0.000000,1100,1100,1200,1200,1200,1200,1200,1200,1200,1200,1200,13,13,1100.0,962.6583859219234,111.06381999707082,1247.8781359968707,147.92307692307693
1789458905,0,POST,POST /api/v1/auth/login,0.000000,0.000000,110,1100,1200,1200,1300,1300,1400,1400,1400,1400,1400,43,43,110.0,587.417110139477,32.04058799747145,1353.572540996538,148.53488372093022
1789458905,0,,Aggregated,0.000000,0.000000,110,1100,1200,1200,1300,1300,1400,1400,1400,1400,1400,43,43,110.0,587.417110139477,32.04058799747145,1353.572540996538,148.53488372093022
1789458906,0,POST,POST /api/v1/auth/login,1.000000,1.000000,72,81,110,1000,1200,1300,1300,1400,1400,1400,1400,83,83,72,337.2215110480229,32.04058799747145,1353.572540996538,148.710843373494
1789458906,0,,Aggregated,1.000000,1.000000,72,81,110,1000,1200,1300,1300,1400,1400,1400,1400,83,83,72,337.2215110480229,32.04058799747145,1353.572540996538,148.710843373494
1789458907,0,POST,POST /api/v1/auth/login,5.500000,5.500000,85,94,110,110,1100,1200,1300,1300,1400,1400,1400,133,133,85,244.81018887943486,30.58299200347392,1353.572540996538,148.77443609022558
1789458907,0,,Aggregated,5.500000,5.500000,85,94,110,110,1100,1200,1300,1300,1400,1400,1400,133,133,85,244.81018887943486,30.58299200347392,1353.572540996538,148.77443609022558
1789458908,0,POST,POST /api/v1/auth/login,5.500000,5.500000,85,94,110,110,1100,1200,1300,1300,1400,1400,1400,133,133,85,244.81018887943486,30.58299200347392,1353.572540996538,148.77443609022558
1789458908,0,,Aggregated,5.500000,5.500000,85,94,110,110,1100,1200,1300,1300,1400,1400,1400,133,133,85,244.81018887943486,30.58299200347392,1353.572540996538,148.77443609022558
1789458909,0,POST,POST /api/v1/auth/login,5.500000,5.500000,85,94,110,110,1100,1200,1300,1300,1400,1400,1400,133,133,85,244.81018887943486,30.58299200347392,1353.572540996538,148.77443609022558
1789458909,0,,Aggregated,5.500000,5.500000,85,94,110,110,1100,1200,1300,1300,1400,1400,1400,133,133,85,244.81018887943486,30.58299200347392,1353.572540996538,148.77443609022558
1789458910,0,POST,POST /api/v1/auth/login,5.500000,5.500000,85,94,110,110,1100,1200,1300,1300,1400,1400,1400,133,133,85,244.81018887943486,30.58299200347392,1353.572540996538,148.77443609022558
1789458910,0,,Aggregated,5.500000,5.500000,85,94,110,110,1100,1200,1300,1300,1400,1400,1400,133,133,85,244.81018887943486,30.58299200347392,1353.572540996538,148.77443609022558
1789458911,0,POST,POST /api/v1/auth/login,5.500000,5.500000,85,94,110,110,1100,1200,1300,1300,1400,1400,1400,133,133,85,244.81018887943486,30.58299200347392,1353.572540996538,148.77443609022558
1789458911,0,,Aggregated,5.500000,5.500000,85,94,110,110,1100,1200,1300,1300,1400,1400,1400,133,133,85,244.81018887943486,30.58299200347392,1353.572540996538,148.77443609022558
1789458912,0,POST,POST /api/v1/auth/login,5.500000,5.500000,85,94,110,110,1100,1200,1300,1300,1400,1400,1400,133,133,85,244.81018887943486,30.58299200347392,1353.572540996538,148.77443609022558
1789458912,0,,Aggregated,5.500000,5.500000,85,94,110,110,1100,1200,1300,1300,1400,1400,1400,133,133,85,244.81018887943486,30.58299200347392,1353.572540996538,148.77443609022558
1789458913,0,POST,POST /api/v1/auth/login,5.500000,5.500000,81,90,95,100,120,1200,1300,1300,1400,1400,1400,133,133,85,244.81018887943486,30.58299200347392,1353.572540996538,148.77443609022558
1789458913,0,,Aggregated,5.500000,5.500000,81,90,95,100,120,1200,1300,1300,1400,1400,1400,133,133,85,244.81018887943486,30.58299200347392,1353.572540996538,148.77443609022558
1789458914,0,POST,POST /api/v1/auth/login,5.500000,5.500000,85,90,94,97,110,120,120,120,120,120,120,133,133,85,244.81018887943486,30.58299200347392,1353.572540996538,148.77443609022558
1789458914,0,,Aggregated,5.500000,5.500000,85,90,94,97,110,120,120,120,120,120,120,133,133,85,244.81018887943486,30.58299200347392,1353.572540996538,148.77443609022558
1789458915,0,POST,POST /api/v1/auth/login,5.500000,5.500000,94,97,100,110,120,120,120,120,120,120,120,133,133,85,244.81018887943486,30.58299200347392,1353.572540996538,148.77443609022558
1789458915,0,,Aggregated,5.500000,5.500000,94,97,100,110,120,120,120,120,120,120,120,133,133,85,244.81018887943486,30.58299200347392,1353.572540996538,148.77443609022558
1789458916,0,POST,POST /api/v1/auth/login,5.500000,5.500000,94,97,100,110,120,120,120,120,120,120,120,133,133,85,244.81018887943486,30.58299200347392,1353.572540996538,148.77443609022558
1789458916,0,,Aggregated,5.500000,5.500000,94,97,100,110,120,120,120,120,120,120,120,133,133,85,244.81018887943486,30.58299200347392,1353.572540996538,148.77443609022558
1789458917,0,POST,POST /api/v1/auth/login,5.500000,5.500000,94,97,100,110,120,120,120,120,120,120,120,133,133,85,244.81018887943486,30.58299200347392,1353.572540996538,148.77443609022558
1789458917,0,,Aggregated,5.500000,5.500000,94,97,100,110,120,120,120,120,120,120,120,133,133,85,244.81018887943486,30.58299200347392,1353.572540996538,148.77443609022558
1789458918,0,POST,POST /api/v1/auth/login,5.500000,5.500000,94,97,100,110,120,120,120,120,120,120,120,133,133,85,244.81018887943486,30.58299200347392,1353.572540996538,148.77443609022558
1789458918,0,,Aggregated,5.500000,5.500000,94,97,100,110,120,120,120,120,120,120,120,133,133,85,244.81018887943486,30.58299200347392,1353.572540996538,148.77443609022558
1789458919,0,POST,POST /api/v1/auth/login,5.500000,5.500000,94,97,100,110,120,120,120,120,120,120,120,133,133,85,244.81018887943486,30.58299200347392,1353.572540996538,148.77443609022558
1789458919,0,,Aggregated,5.500000,5.500000,94,97,100,110,120,120,120,120,120,120,120,133,133,85,244.81018887943486,30.58299200347392,1353.572540996538,148.77443609022558
1789458920,0,POST,POST /api/v1/auth/login,5.500000,5.500000,94,97,100,110,120,120,120,120,120,120,120,133,133,85,244.81018887943486,30.58299200347392,1353.572540996538,148.77443609022558
1789458920,0,,Aggregated,5.500000,5.500000,94,97,100,110,120,120,120,120,120,120,120,133,133,85,244.81018887943486,30.58299200347392,1353.572540996538,148.77443609022558
1789458921,0,POST,POST /api/v1/auth/login,5.500000,5.500000,94,97,100,110,120,120,120,120,120,120,120,133,133,85,244.81018887943486,30.58299200347392,1353.572540996538,148.77443609022558
1789458921,0,,Aggregated,5.500000,5.500000,94,97,100,110,120,120,120,120,120,120,120,133,133,85,244.81018887943486,30.58299200347392,1353.572540996538,148.77443609022558
1789458922,0,POST,POST /api/v1/auth/login,5.500000,5.500000,94,97,100,110,120,120,120,120,120,120,120,133,133,85,244.81018887943486,30.58299200347392,1353.572540996538,148.77443609022558
1789458922,0,,Aggregated,5.500000,5.500000,94,97,100,110,120,120,120,120,120,120,120,133,133,85,244.81018887943486,30.58299200347392,1353.572540996538,148.77443609022558
1789458923,0,POST,POST /api/v1/auth/login,5.500000,5.500000,94,97,100,110,120,120,120,120,120,120,120,133,133,85,244.81018887943486,30.58299200347392,1353.572540996538,148.77443609022558
1789458923,0,,Aggregated,5.500000,5.500000,94,97,100,110,120,120,120,120,120,120,120,133,133,85,244.81018887943486,30.58299200347392,1353.572540996538,148.77443609022558
1789458924,0,POST,POST /api/v1/auth/login,5.500000,5.500000,0,0,0,0,0,0,0,0,0,0,0,133,133,85,244.81018887943486,30.58299200347392,1353.572540996538,148.77443609022558
1789458924,0,,Aggregated,5.500000,5.500000,0,0,0,0,0,0,0,0,0,0,0,133,133,85,244.81018887943486,30.58299200347392,1353.572540996538,148.77443609022558
1789458925,0,POST,POST /api/v1/auth/login,5.500000,5.500000,0,0,0,0,0,0,0,0,0,0,0,133,133,85,244.81018887943486,30.58299200347392,1353.572540996538,148.77443609022558
1789458925,0,,Aggregated,5.500000,5.500000,0,0,0,0,0,0,0,0,0,0,0,133,133,85,244.81018887943486,30.58299200347392,1353.572540996538,148.77443609022558
1789458926,0,POST,POST /api/v1/auth/login,5.500000,5.500000,0,0,0,0,0,0,0,0,0,0,0,133,133,85,244.81018887943486,30.58299200347392,1353.572540996538,148.77443609022558
1789458926,0,,Aggregated,5.500000,5.500000,0,0,0,0,0,0,0,0,0,0,0,133,133,85,244.81018887943486,30.58299200347392,1353.572540996538,148.77443609022558
1789458927,0,POST,POST /api/v1/auth/login,5.500000,5.500000,0,0,0,0,0,0,0,0,0,0,0,133,133,85,244.81018887943486,30.58299200347392,1353.572540996538,148.77443609022558
1789458927,0,,Aggregated,5.500000,5.500000,0,0,0,0,0,0,0,0,0,0,0,133,133,85,244.81018887943486,30.58299200347392,1353.572540996538,148.77443609022558
1789458928,0,POST,POST /api/v1/auth/login,5.500000,5.500000,0,0,0,0,0,0,0,0,0,0,0,133,133,85,244.81018887943486,30.58299200347392,1353.572540996538,148.77443609022558
1789458928,0,,Aggregated,5.500000,5.500000,0,0,0,0,0,0,0,0,0,0,0,133,133,85,244.81018887943486,30.58299200347392,1353.572540996538,148.77443609022558
1789458929,0,POST,POST /api/v1/auth/login,5.500000,5.500000,0,0,0,0,0,0,0,0,0,0,0,133,133,85,244.81018887943486,30.58299200347392,1353.572540996538,148.77443609022558
1789458929,0,,Aggregated,5.500000,5.500000,0,0,0,0,0,0,0,0,0,0,0,133,133,85,244.81018887943486,30.58299200347392,1353.572540996538,148.77443609022558
1789458930,0,POST,POST /api/v1/auth/login,5.500000,5.500000,0,0,0,0,0,0,0,0,0,0,0,133,133,85,244.81018887943486,30.58299200347392,1353.572540996538,148.77443609022558
1789458930,0,,Aggregated,5.500000,5.500000,0,0,0,0,0,0,0,0,0,0,0,133,133,85,244.81018887943486,30.58299200347392,1353.572540996538,148.77443609022558
1789458931,0,POST,POST /api/v1/auth/login,5.500000,5.500000,0,0,0,0,0,0,0,0,0,0,0,133,133,85,244.81018887943486,30.58299200347392,1353.572540996538,148.77443609022558
1789458931,0,,Aggregated,5.500000,5.500000,0,0,0,0,0,0,0,0,0,0,0,133,133,85,244.81018887943486,30.58299200347392,1353.572540996538,148.77443609022558
1789458932,0,POST,POST /api/v1/auth/login,5.500000,5.500000,0,0,0,0,0,0,0,0,0,0,0,133,133,85,244.81018887943486,30.58299200347392,1353.572540996538,148.77443609022558
1789458932,0,,Aggregated,5.500000,5.500000,0,0,0,0,0,0,0,0,0,0,0,133,133,85,244.81018887943486,30.58299200347392,1353.572540996538,148.77443609022558
1789458933,0,POST,POST /api/v1/auth/login,5.500000,5.500000,0,0,0,0,0,0,0,0,0,0,0,133,133,85,244.81018887943486,30.58299200347392,1353.572540996538,148.77443609022558
1789458933,0,,Aggregated,5.500000,5.500000,0,0,0,0,0,0,0,0,0,0,0,133,133,85,244.81018887943486,30.58299200347392,1353.572540996538,148.77443609022558
1789458934,0,POST,POST /api/v1/auth/login,5.500000,5.500000,0,0,0,0,0,0,0,0,0,0,0,133,133,85,244.81018887943486,30.58299200347392,1353.572540996538,148.77443609022558
1789458934,0,,Aggregated,5.500000,5.500000,0,0,0,0,0,0,0,0,0,0,0,133,133,85,244.81018887943486,30.58299200347392,1353.572540996538,148.77443609022558
1789458935,0,POST,POST /api/v1/auth/login,5.500000,5.500000,0,0,0,0,0,0,0,0,0,0,0,133,133,85,244.81018887943486,30.58299200347392,1353.572540996538,148.77443609022558
1789458935,0,,Aggregated,5.500000,5.500000,0,0,0,0,0,0,0,0,0,0,0,133,133,85,244.81018887943486,30.58299200347392,1353.572540996538,148.77443609022558
1789458936,0,POST,POST /api/v1/auth/login,5.500000,5.500000,0,0,0,0,0,0,0,0,0,0,0,133,133,85,244.81018887943486,30.58299200347392,1353.572540996538,148.77443609022558
1789458936,0,,Aggregated,5.500000,5.500000,0,0,0,0,0,0,0,0,0,0,0,133,133,85,244.81018887943486,30.58299200347392,1353.572540996538,148.77443609022558
1789458937,0,POST,POST /api/v1/auth/login,5.500000,5.500000,0,0,0,0,0,0,0,0,0,0,0,133,133,85,244.81018887943486,30.58299200347392,1353.572540996538,148.77443609022558
1789458937,0,,Aggregated,5.500000,5.500000,0,0,0,0,0,0,0,0,0,0,0,133,133,85,244.81018887943486,30.58299200347392,1353.572540996538,148.77443609022558
1789458938,0,POST,POST /api/v1/auth/login,5.500000,5.500000,0,0,0,0,0,0,0,0,0,0,0,133,133,85,244.81018887943486,30.58299200347392,1353.572540996538,148.77443609022558
1789458938,0,,Aggregated,5.500000,5.500000,0,0,0,0,0,0,0,0,0,0,0,133,133,85,244.81018887943486,30.58299200347392,1353.572540996538,148.77443609022558
1789458939,0,POST,POST /api/v1/auth/login,5.500000,5.500000,0,0,0,0,0,0,0,0,0,0,0,133,133,85,244.81018887943486,30.58299200347392,1353.572540996538,148.77443609022558
1789458939,0,,Aggregated,5.500000,5.500000,0,0,0,0,0,0,0,0,0,0,0,133,133,85,244.81018887943486,30.58299200347392,1353.572540996538,148.77443609022558
1789458940,0,POST,POST /api/v1/auth/login,5.500000,5.500000,0,0,0,0,0,0,0,0,0,0,0,133,133,85,244.81018887943486,30.58299200347392,1353.572540996538,148.77443609022558
1789458940,0,,Aggregated,5.500000,5.500000,0,0,0,0,0,0,0,0,0,0,0,133,133,85,244.81018887943486,30.58299200347392,1353.572540996538,148.77443609022558
1789458941,0,POST,POST /api/v1/auth/login,5.500000,5.500000,0,0,0,0,0,0,0,0,0,0,0,133,133,85,244.81018887943486,30.58299200347392,1353.572540996538,148.77443609022558
1789458941,0,,Aggregated,5.500000,5.500000,0,0,0,0,0,0,0,0,0,0,0,133,133,85,244.81018887943486,30.58299200347392,1353.572540996538,148.77443609022558
1789458942,0,POST,POST /api/v1/auth/login,5.500000,5.500000,0,0,0,0,0,0,0,0,0,0,0,133,133,85,244.81018887943486,30.58299200347392,1353.572540996538,148.77443609022558
1789458942,0,,Aggregated,5.500000,5.500000,0,0,0,0,0,0,0,0,0,0,0,133,133,85,244.81018887943486,30.58299200347392,1353.572540996538,148.77443609022558
1789458943,0,POST,POST /api/v1/auth/login,5.500000,5.500000,0,0,0,0,0,0,0,0,0,0,0,133,133,85,244.81018887943486,30.58299200347392,1353.572540996538,148.77443609022558
1789458943,0,,Aggregated,5.500000,5.500000,0,0,0,0,0,0,0,0,0,0,0,133,133,85,244.81018887943486,30.58299200347392,1353.572540996538,148.77443609022558
1789458944,0,POST,POST /api/v1/auth/login,5.500000,5.500000,0,0,0,0,0,0,0,0,0,0,0,133,133,85,244.81018887943486,30.58299200347392,1353.572540996538,148.77443609022558
1789458944,0,,Aggregated,5.500000,5.500000,0,0,0,0,0,0,0,0,0,0,0,133,133,85,244.81018887943486,30.58299200347392,1353.572540996538,148.77443609022558
1789458945,0,POST,POST /api/v1/auth/login,5.500000,5.500000,0,0,0,0,0,0,0,0,0,0,0,133,133,85,244.81018887943486,30.58299200347392,1353.572540996538,148.77443609022558
1789458945,0,,Aggregated,5.500000,5.500000,0,0,0,0,0,0,0,0,0,0,0,133,133,85,244.81018887943486,30.58299200347392,1353.572540996538,148.77443609022558
1789458946,0,POST,POST /api/v1/auth/login,5.500000,5.500000,0,0,0,0,0,0,0,0,0,0,0,133,133,85,244.81018887943486,30.58299200347392,1353.572540996538,148.77443609022558
1789458946,0,,Aggregated,5.500000,5.500000,0,0,0,0,0,0,0,0,0,0,0,133,133,85,244.81018887943486,30.58299200347392,1353.572540996538,148.77443609022558
1789458947,0,POST,POST /api/v1/auth/login,5.500000,5.500000,0,0,0,0,0,0,0,0,0,0,0,133,133,85,244.81018887943486,30.58299200347392,1353.572540996538,148.77443609022558
1789458947,0,,Aggregated,5.500000,5.500000,0,0,0,0,0,0,0,0,0,0,0,133,133,85,244.81018887943486,30.58299200347392,1353.572540996538,148.77443609022558
1789458948,0,POST,POST /api/v1/auth/login,5.500000,5.500000,0,0,0,0,0,0,0,0,0,0,0,133,133,85,244.81018887943486,30.58299200347392,1353.572540996538,148.77443609022558
1789458948,0,,Aggregated,5.500000,5.500000,0,0,0,0,0,0,0,0,0,0,0,133,133,85,244.81018887943486,30.58299200347392,1353.572540996538,148.77443609022558
1789458949,0,POST,POST /api/v1/auth/login,5.500000,5.500000,0,0,0,0,0,0,0,0,0,0,0,133,133,85,244.81018887943486,30.58299200347392,1353.572540996538,148.77443609022558
1789458949,0,,Aggregated,5.500000,5.500000,0,0,0,0,0,0,0,0,0,0,0,133,133,85,244.81018887943486,30.58299200347392,1353.572540996538,148.77443609022558
1789458950,0,POST,POST /api/v1/auth/login,5.500000,5.500000,0,0,0,0,0,0,0,0,0,0,0,133,133,85,244.81018887943486,30.58299200347392,1353.572540996538,148.77443609022558
1789458950,0,,Aggregated,5.500000,5.500000,0,0,0,0,0,0,0,0,0,0,0,133,133,85,244.81018887943486,30.58299200347392,1353.572540996538,148.77443609022558
1789458951,0,POST,POST /api/v1/auth/login,5.500000,5.500000,0,0,0,0,0,0,0,0,0,0,0,133,133,85,244.81018887943486,30.58299200347392,1353.572540996538,148.77443609022558
1789458951,0,,Aggregated,5.500000,5.500000,0,0,0,0,0,0,0,0,0,0,0,133,133,85,244.81018887943486,30.58299200347392,1353.572540996538,148.77443609022558
1789458952,0,POST,POST /api/v1/auth/login,5.500000,5.500000,0,0,0,0,0,0,0,0,0,0,0,133,133,85,244.81018887943486,30.58299200347392,1353.572540996538,148.77443609022558
1789458952,0,,Aggregated,5.500000,5.500000,0,0,0,0,0,0,0,0,0,0,0,133,133,85,244.81018887943486,30.58299200347392,1353.572540996538,148.77443609022558
1789458953,0,POST,POST /api/v1/auth/login,5.500000,5.500000,0,0,0,0,0,0,0,0,0,0,0,133,133,85,244.81018887943486,30.58299200347392,1353.572540996538,148.77443609022558
1789458953,0,,Aggregated,5.500000,5.500000,0,0,0,0,0,0,0,0,0,0,0,133,133,85,244.81018887943486,30.58299200347392,1353.572540996538,148.77443609022558
1789458954,0,POST,POST /api/v1/auth/login,5.500000,5.500000,0,0,0,0,0,0,0,0,0,0,0,133,133,85,244.81018887943486,30.58299200347392,1353.572540996538,148.77443609022558
1789458954,0,,Aggregated,5.500000,5.500000,0,0,0,0,0,0,0,0,0,0,0,133,133,85,244.81018887943486,30.58299200347392,1353.572540996538,148.77443609022558
1789458955,0,POST,POST /api/v1/auth/login,5.500000,5.500000,0,0,0,0,0,0,0,0,0,0,0,133,133,85,244.81018887943486,30.58299200347392,1353.572540996538,148.77443609022558
1789458955,0,,Aggregated,5.500000,5.500000,0,0,0,0,0,0,0,0,0,0,0,133,133,85,244.81018887943486,30.58299200347392,1353.572540996538,148.77443609022558
1789458956,0,POST,POST /api/v1/auth/login,5.500000,5.500000,0,0,0,0,0,0,0,0,0,0,0,133,133,85,244.81018887943486,30.58299200347392,1353.572540996538,148.77443609022558
1789458956,0,,Aggregated,5.500000,5.500000,0,0,0,0,0,0,0,0,0,0,0,133,133,85,244.81018887943486,30.58299200347392,1353.572540996538,148.77443609022558
1789458957,0,POST,POST /api/v1/auth/login,5.500000,5.500000,0,0,0,0,0,0,0,0,0,0,0,133,133,85,244.81018887943486,30.58299200347392,1353.572540996538,148.77443609022558
1789458957,0,,Aggregated,5.500000,5.500000,0,0,0,0,0,0,0,0,0,0,0,133,133,85,244.81018887943486,30.58299200347392,1353.572540996538,148.77443609022558
1789458958,0,POST,POST /api/v1/auth/login,5.500000,5.500000,0,0,0,0,0,0,0,0,0,0,0,133,133,85,244.81018887943486,30.58299200347392,1353.572540996538,148.77443609022558
1789458958,0,,Aggregated,5.500000,5.500000,0,0,0,0,0,0,0,0,0,0,0,133,133,85,244.81018887943486,30.58299200347392,1353.572540996538,148.77443609022558
1789458959,0,POST,POST /api/v1/auth/login,5.500000,5.500000,0,0,0,0,0,0,0,0,0,0,0,133,133,85,244.81018887943486,30.58299200347392,1353.572540996538,148.77443609022558
1789458959,0,,Aggregated,5.500000,5.500000,0,0,0,0,0,0,0,0,0,0,0,133,133,85,244.81018887943486,30.58299200347392,1353.572540996538,148.77443609022558
1789458960,0,POST,POST /api/v1/auth/login,5.500000,5.500000,0,0,0,0,0,0,0,0,0,0,0,133,133,85,244.81018887943486,30.58299200347392,1353.572540996538,148.77443609022558
1789458960,0,,Aggregated,5.500000,5.500000,0,0,0,0,0,0,0,0,0,0,0,133,133,85,244.81018887943486,30.58299200347392,1353.572540996538,148.77443609022558
1789458961,0,POST,POST /api/v1/auth/login,5.500000,5.500000,0,0,0,0,0,0,0,0,0,0,0,133,133,85,244.81018887943486,30.58299200347392,1353.572540996538,148.77443609022558
1789458961,0,,Aggregated,5.500000,5.500000,0,0,0,0,0,0,0,0,0,0,0,133,133,85,244.81018887943486,30.58299200347392,1353.572540996538,148.77443609022558
1789458962,0,POST,POST /api/v1/auth/login,5.500000,5.500000,0,0,0,0,0,0,0,0,0,0,0,133,133,85,244.81018887943486,30.58299200347392,1353.572540996538,148.77443609022558
1789458962,0,,Aggregated,5.500000,5.500000,0,0,0,0,0,0,0,0,0,0,0,133,133,85,244.81018887943486,30.58299200347392,1353.572540996538,148.77443609022558
1789458963,0,POST,POST /api/v1/auth/login,5.500000,5.500000,0,0,0,0,0,0,0,0,0,0,0,133,133,85,244.81018887943486,30.58299200347392,1353.572540996538,148.77443609022558
1789458963,0,,Aggregated,5.500000,5.500000,0,0,0,0,0,0,0,0,0,0,0,133,133,85,244.81018887943486,30.58299200347392,1353.572540996538,148.77443609022558
1789458964,0,POST,POST /api/v1/auth/login,5.500000,5.500000,0,0,0,0,0,0,0,0,0,0,0,133,133,85,244.81018887943486,30.58299200347392,1353.572540996538,148.77443609022558
1789458964,0,,Aggregated,5.500000,5.500000,0,0,0,0,0,0,0,0,0,0,0,133,133,85,244.81018887943486,30.58299200347392,1353.572540996538,148.77443609022558
1789458965,0,POST,POST /api/v1/auth/login,5.500000,5.500000,0,0,0,0,0,0,0,0,0,0,0,133,133,85,244.81018887943486,30.58299200347392,1353.572540996538,148.77443609022558
1789458965,0,,Aggregated,5.500000,5.500000,0,0,0,0,0,0,0,0,0,0,0,133,133,85,244.81018887943486,30.58299200347392,1353.572540996538,148.77443609022558
1789458966,0,POST,POST /api/v1/auth/login,5.500000,5.500000,0,0,0,0,0,0,0,0,0,0,0,133,133,85,244.81018887943486,30.58299200347392,1353.572540996538,148.77443609022558
1789458966,0,,Aggregated,5.500000,5.500000,0,0,0,0,0,0,0,0,0,0,0,133,133,85,244.81018887943486,30.58299200347392,1353.572540996538,148.77443609022558
1789458967,0,POST,POST /api/v1/auth/login,5.500000,5.500000,0,0,0,0,0,0,0,0,0,0,0,133,133,85,244.81018887943486,30.58299200347392,1353.572540996538,148.77443609022558
1789458967,0,,Aggregated,5.500000,5.500000,0,0,0,0,0,0,0,0,0,0,0,133,133,85,244.81018887943486,30.58299200347392,1353.572540996538,148.77443609022558
1789458968,0,POST,POST /api/v1/auth/login,5.500000,5.500000,0,0,0,0,0,0,0,0,0,0,0,133,133,85,244.81018887943486,30.58299200347392,1353.572540996538,148.77443609022558
1789458968,0,,Aggregated,5.500000,5.500000,0,0,0,0,0,0,0,0,0,0,0,133,133,85,244.81018887943486,30.58299200347392,1353.572540996538,148.77443609022558
1789458969,0,POST,POST /api/v1/auth/login,5.500000,5.500000,0,0,0,0,0,0,0,0,0,0,0,133,133,85,244.81018887943486,30.58299200347392,1353.572540996538,148.77443609022558
1789458969,0,,Aggregated,5.500000,5.500000,0,0,0,0,0,0,0,0,0,0,0,133,133,85,244.81018887943486,30.58299200347392,1353.572540996538,148.77443609022558
1789458970,0,POST,POST /api/v1/auth/login,5.500000,5.500000,0,0,0,0,0,0,0,0,0,0,0,133,133,85,244.81018887943486,30.58299200347392,1353.572540996538,148.77443609022558
1789458970,0,,Aggregated,5.500000,5.500000,0,0,0,0,0,0,0,0,0,0,0,133,133,85,244.81018887943486,30.58299200347392,1353.572540996538,148.77443609022558
1789458971,0,POST,POST /api/v1/auth/login,5.500000,5.500000,0,0,0,0,0,0,0,0,0,0,0,133,133,85,244.81018887943486,30.58299200347392,1353.572540996538,148.77443609022558
1789458971,0,,Aggregated,5.500000,5.500000,0,0,0,0,0,0,0,0,0,0,0,133,133,85,244.81018887943486,30.58299200347392,1353.572540996538,148.77443609022558
1789458972,0,POST,POST /api/v1/auth/login,5.500000,5.500000,0,0,0,0,0,0,0,0,0,0,0,133,133,85,244.81018887943486,30.58299200347392,1353.572540996538,148.77443609022558
1789458972,0,,Aggregated,5.500000,5.500000,0,0,0,0,0,0,0,0,0,0,0,133,133,85,244.81018887943486,30.58299200347392,1353.572540996538,148.77443609022558
1789458973,0,POST,POST /api/v1/auth/login,5.500000,5.500000,0,0,0,0,0,0,0,0,0,0,0,133,133,85,244.81018887943486,30.58299200347392,1353.572540996538,148.77443609022558
1789458973,0,,Aggregated,5.500000,5.500000,0,0,0,0,0,0,0,0,0,0,0,133,133,85,244.81018887943486,30.58299200347392,1353.572540996538,148.77443609022558
1789458974,0,POST,POST /api/v1/auth/login,5.500000,5.500000,0,0,0,0,0,0,0,0,0,0,0,133,133,85,244.81018887943486,30.58299200347392,1353.572540996538,148.77443609022558
1789458974,0,,Aggregated,5.500000,5.500000,0,0,0,0,0,0,0,0,0,0,0,133,133,85,244.81018887943486,30.58299200347392,1353.572540996538,148.77443609022558
1789458975,0,POST,POST /api/v1/auth/login,5.500000,5.500000,0,0,0,0,0,0,0,0,0,0,0,133,133,85,244.81018887943486,30.58299200347392,1353.572540996538,148.77443609022558
1789458975,0,,Aggregated,5.500000,5.500000,0,0,0,0,0,0,0,0,0,0,0,133,133,85,244.81018887943486,30.58299200347392,1353.572540996538,148.77443609022558
1789458976,0,POST,POST /api/v1/auth/login,5.500000,5.500000,0,0,0,0,0,0,0,0,0,0,0,133,133,85,244.81018887943486,30.58299200347392,1353.572540996538,148.77443609022558
1789458976,0,,Aggregated,5.500000,5.500000,0,0,0,0,0,0,0,0,0,0,0,133,133,85,244.81018887943486,30.58299200347392,1353.572540996538,148.77443609022558
1789458977,0,POST,POST /api/v1/auth/login,5.500000,5.500000,0,0,0,0,0,0,0,0,0,0,0,133,133,85,244.81018887943486,30.58299200347392,1353.572540996538,148.77443609022558
1789458977,0,,Aggregated,5.500000,5.500000,0,0,0,0,0,0,0,0,0,0,0,133,133,85,244.81018887943486,30.58299200347392,1353.572540996538,148.77443609022558
1789458978,0,POST,POST /api/v1/auth/login,5.500000,5.500000,0,0,0,0,0,0,0,0,0,0,0,133,133,85,244.81018887943486,30.58299200347392,1353.572540996538,148.77443609022558
1789458978,0,,Aggregated,5.500000,5.500000,0,0,0,0,0,0,0,0,0,0,0,133,133,85,244.81018887943486,30.58299200347392,1353.572540996538,148.77443609022558
1789458979,0,POST,POST /api/v1/auth/login,5.500000,5.500000,0,0,0,0,0,0,0,0,0,0,0,133,133,85,244.81018887943486,30.58299200347392,1353.572540996538,148.77443609022558
1789458979,0,,Aggregated,5.500000,5.500000,0,0,0,0,0,0,0,0,0,0,0,133,133,85,244.81018887943486,30.58299200347392,1353.572540996538,148.77443609022558
1789458980,0,POST,POST /api/v1/auth/login,5.500000,5.500000,0,0,0,0,0,0,0,0,0,0,0,133,133,85,244.81018887943486,30.58299200347392,1353.572540996538,148.77443609022558
1789458980,0,,Aggregated,5.500000,5.500000,0,0,0,0,0,0,0,0,0,0,0,133,133,85,244.81018887943486,30.58299200347392,1353.572540996538,148.77443609022558
1789458981,0,POST,POST /api/v1/auth/login,5.500000,5.500000,0,0,0,0,0,0,0,0,0,0,0,133,133,85,244.81018887943486,30.58299200347392,1353.572540996538,148.77443609022558
1789458981,0,,Aggregated,5.500000,5.500000,0,0,0,0,0,0,0,0,0,0,0,133,133,85,244.81018887943486,30.58299200347392,1353.572540996538,148.77443609022558
1789458982,0,POST,POST /api/v1/auth/login,5.500000,5.500000,0,0,0,0,0,0,0,0,0,0,0,133,133,85,244.81018887943486,30.58299200347392,1353.572540996538,148.77443609022558
1789458982,0,,Aggregated,5.500000,5.500000,0,0,0,0,0,0,0,0,0,0,0,133,133,85,244.81018887943486,30.58299200347392,1353.572540996538,148.77443609022558
1789458983,0,POST,POST /api/v1/auth/login,5.500000,5.500000,0,0,0,0,0,0,0,0,0,0,0,133,133,85,244.81018887943486,30.58299200347392,1353.572540996538,148.77443609022558
1789458983,0,,Aggregated,5.500000,5.500000,0,0,0,0,0,0,0,0,0,0,0,133,133,85,244.81018887943486,30.58299200347392,1353.572540996538,148.77443609022558
1789458984,0,POST,POST /api/v1/auth/login,5.500000,5.500000,0,0,0,0,0,0,0,0,0,0,0,133,133,85,244.81018887943486,30.58299200347392,1353.572540996538,148.77443609022558
1789458984,0,,Aggregated,5.500000,5.500000,0,0,0,0,0,0,0,0,0,0,0,133,133,85,244.81018887943486,30.58299200347392,1353.572540996538,148.77443609022558
1789458985,0,POST,POST /api/v1/auth/login,5.500000,5.500000,0,0,0,0,0,0,0,0,0,0,0,133,133,85,244.81018887943486,30.58299200347392,1353.572540996538,148.77443609022558
1789458985,0,,Aggregated,5.500000,5.500000,0,0,0,0,0,0,0,0,0,0,0,133,133,85,244.81018887943486,30.58299200347392,1353.572540996538,148.77443609022558
1789458986,0,POST,POST /api/v1/auth/login,5.500000,5.500000,0,0,0,0,0,0,0,0,0,0,0,133,133,85,244.81018887943486,30.58299200347392,1353.572540996538,148.77443609022558
1789458986,0,,Aggregated,5.500000,5.500000,0,0,0,0,0,0,0,0,0,0,0,133,133,85,244.81018887943486,30.58299200347392,1353.572540996538,148.77443609022558
1789458987,0,POST,POST /api/v1/auth/login,5.500000,5.500000,0,0,0,0,0,0,0,0,0,0,0,133,133,85,244.81018887943486,30.58299200347392,1353.572540996538,148.77443609022558
1789458987,0,,Aggregated,5.500000,5.500000,0,0,0,0,0,0,0,0,0,0,0,133,133,85,244.81018887943486,30.58299200347392,1353.572540996538,148.77443609022558
1789458988,0,POST,POST /api/v1/auth/login,5.500000,5.500000,0,0,0,0,0,0,0,0,0,0,0,133,133,85,244.81018887943486,30.58299200347392,1353.572540996538,148.77443609022558
1789458988,0,,Aggregated,5.500000,5.500000,0,0,0,0,0,0,0,0,0,0,0,133,133,85,244.81018887943486,30.58299200347392,1353.572540996538,148.77443609022558
1789458989,0,POST,POST /api/v1/auth/login,5.500000,5.500000,0,0,0,0,0,0,0,0,0,0,0,133,133,85,244.81018887943486,30.58299200347392,1353.572540996538,148.77443609022558
1789458989,0,,Aggregated,5.500000,5.500000,0,0,0,0,0,0,0,0,0,0,0,133,133,85,244.81018887943486,30.58299200347392,1353.572540996538,148.77443609022558
1789458990,0,POST,POST /api/v1/auth/login,5.500000,5.500000,0,0,0,0,0,0,0,0,0,0,0,133,133,85,244.81018887943486,30.58299200347392,1353.572540996538,148.77443609022558
1789458990,0,,Aggregated,5.500000,5.500000,0,0,0,0,0,0,0,0,0,0,0,133,133,85,244.81018887943486,30.58299200347392,1353.572540996538,148.77443609022558
1789458991,0,POST,POST /api/v1/auth/login,5.500000,5.500000,0,0,0,0,0,0,0,0,0,0,0,133,133,85,244.81018887943486,30.58299200347392,1353.572540996538,148.77443609022558
1789458991,0,,Aggregated,5.500000,5.500000,0,0,0,0,0,0,0,0,0,0,0,133,133,85,244.81018887943486,30.58299200347392,1353.572540996538,148.77443609022558
1789458992,0,POST,POST /api/v1/auth/login,5.500000,5.500000,0,0,0,0,0,0,0,0,0,0,0,133,133,85,244.81018887943486,30.58299200347392,1353.572540996538,148.77443609022558
1789458992,0,,Aggregated,5.500000,5.500000,0,0,0,0,0,0,0,0,0,0,0,133,133,85,244.81018887943486,30.58299200347392,1353.572540996538,148.77443609022558
1789458993,0,POST,POST /api/v1/auth/login,5.500000,5.500000,0,0,0,0,0,0,0,0,0,0,0,133,133,85,244.81018887943486,30.58299200347392,1353.572540996538,148.77443609022558
1789458993,0,,Aggregated,5.500000,5.500000,0,0,0,0,0,0,0,0,0,0,0,133,133,85,244.81018887943486,30.58299200347392,1353.572540996538,148.77443609022558
1789458994,0,POST,POST /api/v1/auth/login,5.500000,5.500000,0,0,0,0,0,0,0,0,0,0,0,133,133,85,244.81018887943486,30.58299200347392,1353.572540996538,148.77443609022558
1789458994,0,,Aggregated,5.500000,5.500000,0,0,0,0,0,0,0,0,0,0,0,133,133,85,244.81018887943486,30.58299200347392,1353.572540996538,148.77443609022558
1789458995,0,POST,POST /api/v1/auth/login,5.500000,5.500000,0,0,0,0,0,0,0,0,0,0,0,133,133,85,244.81018887943486,30.58299200347392,1353.572540996538,148.77443609022558
1789458995,0,,Aggregated,5.500000,5.500000,0,0,0,0,0,0,0,0,0,0,0,133,133,85,244.81018887943486,30.58299200347392,1353.572540996538,148.77443609022558
1789458996,0,POST,POST /api/v1/auth/login,5.500000,5.500000,0,0,0,0,0,0,0,0,0,0,0,133,133,85,244.81018887943486,30.58299200347392,1353.572540996538,148.77443609022558
1789458996,0,,Aggregated,5.500000,5.500000,0,0,0,0,0,0,0,0,0,0,0,133,133,85,244.81018887943486,30.58299200347392,1353.572540996538,148.77443609022558
1789458997,0,POST,POST /api/v1/auth/login,5.500000,5.500000,0,0,0,0,0,0,0,0,0,0,0,133,133,85,244.81018887943486,30.58299200347392,1353.572540996538,148.77443609022558
1789458997,0,,Aggregated,5.500000,5.500000,0,0,0,0,0,0,0,0,0,0,0,133,133,85,244.81018887943486,30.58299200347392,1353.572540996538,148.77443609022558
1789458998,0,POST,POST /api/v1/auth/login,5.500000,5.500000,0,0,0,0,0,0,0,0,0,0,0,133,133,85,244.81018887943486,30.58299200347392,1353.572540996538,148.77443609022558
1789458998,0,,Aggregated,5.500000,5.500000,0,0,0,0,0,0,0,0,0,0,0,133,133,85,244.81018887943486,30.58299200347392,1353.572540996538,148.77443609022558
1789458999,0,POST,POST /api/v1/auth/login,5.500000,5.500000,0,0,0,0,0,0,0,0,0,0,0,133,133,85,244.81018887943486,30.58299200347392,1353.572540996538,148.77443609022558
1789458999,0,,Aggregated,5.500000,5.500000,0,0,0,0,0,0,0,0,0,0,0,133,133,85,244.81018887943486,30.58299200347392,1353.572540996538,148.77443609022558
1789459000,0,POST,POST /api/v1/auth/login,5.500000,5.500000,0,0,0,0,0,0,0,0,0,0,0,133,133,85,244.81018887943486,30.58299200347392,1353.572540996538,148.77443609022558
1789459000,0,,Aggregated,5.500000,5.500000,0,0,0,0,0,0,0,0,0,0,0,133,133,85,244.81018887943486,30.58299200347392,1353.572540996538,148.77443609022558
1789459001,0,POST,POST /api/v1/auth/login,5.500000,5.500000,0,0,0,0,0,0,0,0,0,0,0,133,133,85,244.81018887943486,30.58299200347392,1353.572540996538,148.77443609022558
1789459001,0,,Aggregated,5.500000,5.500000,0,0,0,0,0,0,0,0,0,0,0,133,133,85,244.81018887943486,30.58299200347392,1353.572540996538,148.77443609022558
1789459002,0,POST,POST /api/v1/auth/login,5.500000,5.500000,0,0,0,0,0,0,0,0,0,0,0,133,133,85,244.81018887943486,30.58299200347392,1353.572540996538,148.77443609022558
1789459002,0,,Aggregated,5.500000,5.500000,0,0,0,0,0,0,0,0,0,0,0,133,133,85,244.81018887943486,30.58299200347392,1353.572540996538,148.77443609022558
1789459003,0,POST,POST /api/v1/auth/login,5.500000,5.500000,0,0,0,0,0,0,0,0,0,0,0,133,133,85,244.81018887943486,30.58299200347392,1353.572540996538,148.77443609022558
1789459003,0,,Aggregated,5.500000,5.500000,0,0,0,0,0,0,0,0,0,0,0,133,133,85,244.81018887943486,30.58299200347392,1353.572540996538,148.77443609022558
1789459004,0,POST,POST /api/v1/auth/login,5.500000,5.500000,0,0,0,0,0,0,0,0,0,0,0,133,133,85,244.81018887943486,30.58299200347392,1353.572540996538,148.77443609022558
1789459004,0,,Aggregated,5.500000,5.500000,0,0,0,0,0,0,0,0,0,0,0,133,133,85,244.81018887943486,30.58299200347392,1353.572540996538,148.77443609022558
1789459005,0,POST,POST /api/v1/auth/login,5.500000,5.500000,0,0,0,0,0,0,0,0,0,0,0,133,133,85,244.81018887943486,30.58299200347392,1353.572540996538,148.77443609022558
1789459005,0,,Aggregated,5.500000,5.500000,0,0,0,0,0,0,0,0,0,0,0,133,133,85,244.81018887943486,30.58299200347392,1353.572540996538,148.77443609022558
1789459006,0,POST,POST /api/v1/auth/login,5.500000,5.500000,0,0,0,0,0,0,0,0,0,0,0,133,133,85,244.81018887943486,30.58299200347392,1353.572540996538,148.77443609022558
1789459006,0,,Aggregated,5.500000,5.500000,0,0,0,0,0,0,0,0,0,0,0,133,133,85,244.81018887943486,30.58299200347392,1353.572540996538,148.77443609022558
1789459007,0,POST,POST /api/v1/auth/login,5.500000,5.500000,0,0,0,0,0,0,0,0,0,0,0,133,133,85,244.81018887943486,30.58299200347392,1353.572540996538,148.77443609022558
1789459007,0,,Aggregated,5.500000,5.500000,0,0,0,0,0,0,0,0,0,0,0,133,133,85,244.81018887943486,30.58299200347392,1353.572540996538,148.77443609022558
