timestamp_epoch,request_type,name,response_time_ms,status_code,outcome,error
1789458902.885230,POST,POST /api/v1/auth/login,506.689684,401,failure,Login falló con HTTP 401
1789458903.298978,POST,POST /api/v1/auth/login,921.613707,401,failure,Login falló con HTTP 401
1789458903.383774,POST,POST /api/v1/auth/login,1006.899704,401,failure,Login falló con HTTP 401
1789458903.457050,POST,POST /api/v1/auth/login,1079.252824,401,failure,Login falló con HTTP 401
1789458903.485954,POST,POST /api/v1/auth/login,1105.618847,423,failure,Login falló con HTTP 423
1789458903.487703,POST,POST /api/v1/auth/login,111.063820,423,failure,Login falló con HTTP 423
1789458903.488262,POST,POST /api/v1/auth/login,1109.375020,423,failure,Login falló con HTTP 423
1789458903.497709,POST,POST /api/v1/auth/login,1119.555352,423,failure,Login falló con HTTP 423
1789458903.538632,POST,POST /api/v1/auth/login,1159.416763,423,failure,Login falló con HTTP 423
1789458903.595561,POST,POST /api/v1/auth/login,1223.756588,423,failure,Login falló con HTTP 423
1789458903.628570,POST,POST /api/v1/auth/login,1247.878136,423,failure,Login falló con HTTP 423
1789458904.311030,POST,POST /api/v1/auth/login,937.280840,423,failure,Login falló con HTTP 423
1789458904.361847,POST,POST /api/v1/auth/login,986.157732,423,failure,Login falló con HTTP 423
1789458904.420223,POST,POST /api/v1/auth/login,32.040588,423,failure,Login falló con HTTP 423
1789458904.422626,POST,POST /api/v1/auth/login,38.334389,423,failure,Login falló con HTTP 423
1789458904.433120,POST,POST /api/v1/auth/login,45.883211,423,failure,Login falló con HTTP 423
1789458904.433553,POST,POST /api/v1/auth/login,51.801987,423,failure,Login falló con HTTP 423
1789458904.434114,POST,POST /api/v1/auth/login,45.655467,423,failure,Login falló con HTTP 423
1789458904.434416,POST,POST /api/v1/auth/login,51.013073,423,failure,Login falló con HTTP 423
1789458904.435494,POST,POST /api/v1/auth/login,53.381936,423,failure,Login falló con HTTP 423
1789458904.438986,POST,POST /api/v1/auth/login,53.010905,423,failure,Login falló con HTTP 423
1789458904.440710,POST,POST /api/v1/auth/login,57.606068,423,failure,Login falló con HTTP 423
1789458904.442035,POST,POST /api/v1/auth/login,60.813832,423,failure,Login falló con HTTP 423
1789458904.445555,POST,POST /api/v1/auth/login,58.987028,423,failure,Login falló con HTTP 423
1789458904.452737,POST,POST /api/v1/auth/login,68.737179,423,failure,Login falló con HTTP 423
1789458904.453341,POST,POST /api/v1/auth/login,65.458549,423,failure,Login falló con HTTP 423
1789458904.454093,POST,POST /api/v1/auth/login,66.575490,423,failure,Login falló con HTTP 423
1789458904.454623,POST,POST /api/v1/auth/login,67.679611,423,failure,Login falló con HTTP 423
1789458904.455363,POST,POST /api/v1/auth/login,72.955723,423,failure,Login falló con HTTP 423
1789458904.456262,POST,POST /api/v1/auth/login,73.554337,423,failure,Login falló con HTTP 423
1789458904.460149,POST,POST /api/v1/auth/login,71.418207,423,failure,Login falló con HTTP 423
1789458904.461330,POST,POST /api/v1/auth/login,77.632299,423,failure,Login falló con HTTP 423
1789458904.461923,POST,POST /api/v1/auth/login,77.310120,423,failure,Login falló con HTTP 423
1789458904.464692,POST,POST /api/v1/auth/login,78.407270,423,failure,Login falló con HTTP 423
1789458904.483523,POST,POST /api/v1/auth/login,1106.578988,423,failure,Login falló con HTTP 423
1789458904.605281,POST,POST /api/v1/auth/login,1226.652301,423,failure,Login falló con HTTP 423
1789458904.612081,POST,POST /api/v1/auth/login,1236.781656,423,failure,Login falló con HTTP 423
1789458904.668764,POST,POST /api/v1/auth/login,1292.744849,423,failure,Login falló con HTTP 423
1789458904.685285,POST,POST /api/v1/auth/login,1308.955545,423,failure,Login falló con HTTP 423
1789458904.691193,POST,POST /api/v1/auth/login,1317.998608,423,failure,Login falló con HTTP 423
1789458904.693644,POST,POST /api/v1/auth/login,1315.428720,423,failure,Login falló con HTTP 423
1789458904.696440,POST,POST /api/v1/auth/login,1317.406242,423,failure,Login falló con HTTP 423
1789458904.732993,POST,POST /api/v1/auth/login,1353.572541,423,failure,Login falló con HTTP 423
1789458905.436785,POST,POST /api/v1/auth/login,51.109979,423,failure,Login falló con HTTP 423
1789458905.440221,POST,POST /api/v1/auth/login,53.391781,423,failure,Login falló con HTTP 423
1789458905.442294,POST,POST /api/v1/auth/login,56.945639,423,failure,Login falló con HTTP 423
1789458905.444770,POST,POST /api/v1/auth/login,45.279459,423,failure,Login falló con HTTP 423
1789458905.445838,POST,POST /api/v1/auth/login,44.216309,423,failure,Login falló con HTTP 423
1789458905.447791,POST,POST /api/v1/auth/login,61.580331,423,failure,Login falló con HTTP 423
1789458905.450114,POST,POST /api/v1/auth/login,65.335693,423,failure,Login falló con HTTP 423
1789458905.450742,POST,POST /api/v1/auth/login,50.175426,423,failure,Login falló con HTTP 423
1789458905.451946,POST,POST /api/v1/auth/login,66.013998,423,failure,Login falló con HTTP 423
1789458905.454497,POST,POST /api/v1/auth/login,53.343749,423,failure,Login falló con HTTP 423
1789458905.456703,POST,POST /api/v1/auth/login,53.891588,423,failure,Login falló con HTTP 423
1789458905.457320,POST,POST /api/v1/auth/login,70.830417,423,failure,Login falló con HTTP 423
1789458905.459078,POST,POST /api/v1/auth/login,52.626474,423,failure,Login falló con HTTP 423
1789458905.461391,POST,POST /api/v1/auth/login,58.332797,423,failure,Login falló con HTTP 423
1789458905.462247,POST,POST /api/v1/auth/login,57.703306,423,failure,Login falló con HTTP 423
1789458905.464427,POST,POST /api/v1/auth/login,58.964062,423,failure,Login falló con HTTP 423
1789458905.466416,POST,POST /api/v1/auth/login,63.846260,423,failure,Login falló con HTTP 423
1789458905.467224,POST,POST /api/v1/auth/login,62.472901,423,failure,Login falló con HTTP 423
1789458905.467853,POST,POST /api/v1/auth/login,64.552578,423,failure,Login falló con HTTP 423
1789458905.470236,POST,POST /api/v1/auth/login,68.155920,423,failure,Login falló con HTTP 423
1789458905.471905,POST,POST /api/v1/auth/login,70.085300,423,failure,Login falló con HTTP 423
1789458905.473294,POST,POST /api/v1/auth/login,67.337191,423,failure,Login falló con HTTP 423
1789458905.473912,POST,POST /api/v1/auth/login,65.935470,423,failure,Login falló con HTTP 423
1789458905.476200,POST,POST /api/v1/auth/login,72.331619,423,failure,Login falló con HTTP 423
1789458905.476774,POST,POST /api/v1/auth/login,69.282495,423,failure,Login falló con HTTP 423
1789458905.477637,POST,POST /api/v1/auth/login,77.363251,423,failure,Login falló con HTTP 423
1789458905.478174,POST,POST /api/v1/auth/login,74.651368,423,failure,Login falló con HTTP 423
1789458905.479324,POST,POST /api/v1/auth/login,72.358659,423,failure,Login falló con HTTP 423
1789458905.481978,POST,POST /api/v1/auth/login,75.255331,423,failure,Login falló con HTTP 423
1789458905.482727,POST,POST /api/v1/auth/login,80.419374,423,failure,Login falló con HTTP 423
1789458905.484838,POST,POST /api/v1/auth/login,80.779810,423,failure,Login falló con HTTP 423
1789458905.485487,POST,POST /api/v1/auth/login,77.764889,423,failure,Login falló con HTTP 423
1789458905.486081,POST,POST /api/v1/auth/login,80.375088,423,failure,Login falló con HTTP 423
1789458905.487488,POST,POST /api/v1/auth/login,83.188815,423,failure,Login falló con HTTP 423
1789458905.488631,POST,POST /api/v1/auth/login,81.390645,423,failure,Login falló con HTTP 423
1789458905.489915,POST,POST /api/v1/auth/login,89.935633,423,failure,Login falló con HTTP 423
1789458905.490244,POST,POST /api/v1/auth/login,89.423940,423,failure,Login falló con HTTP 423
1789458905.491421,POST,POST /api/v1/auth/login,90.042596,423,failure,Login falló con HTTP 423
1789458905.491972,POST,POST /api/v1/auth/login,86.983798,423,failure,Login falló con HTTP 423
1789458905.492978,POST,POST /api/v1/auth/login,86.775742,423,failure,Login falló con HTTP 423
1789458906.418498,POST,POST /api/v1/auth/login,30.582992,423,failure,Login falló con HTTP 423
1789458906.423887,POST,POST /api/v1/auth/login,35.616277,423,failure,Login falló con HTTP 423
1789458906.431527,POST,POST /api/v1/auth/login,46.016493,423,failure,Login falló con HTTP 423
1789458906.433201,POST,POST /api/v1/auth/login,44.608433,423,failure,Login falló con HTTP 423
1789458906.443348,POST,POST /api/v1/auth/login,56.815571,423,failure,Login falló con HTTP 423
1789458906.471431,POST,POST /api/v1/auth/login,75.798763,423,failure,Login falló con HTTP 423
1789458906.472256,POST,POST /api/v1/auth/login,76.906729,423,failure,Login falló con HTTP 423
1789458906.472848,POST,POST /api/v1/auth/login,85.306679,423,failure,Login falló con HTTP 423
1789458906.473399,POST,POST /api/v1/auth/login,86.489369,423,failure,Login falló con HTTP 423
1789458906.473977,POST,POST /api/v1/auth/login,87.832300,423,failure,Login falló con HTTP 423
1789458906.474533,POST,POST /api/v1/auth/login,87.289769,423,failure,Login falló con HTTP 423
1789458906.475131,POST,POST /api/v1/auth/login,80.057497,423,failure,Login falló con HTTP 423
1789458906.475697,POST,POST /api/v1/auth/login,86.461987,423,failure,Login falló con HTTP 423
1789458906.476271,POST,POST /api/v1/auth/login,83.192782,423,failure,Login falló con HTTP 423
1789458906.476839,POST,POST /api/v1/auth/login,86.669081,423,failure,Login falló con HTTP 423
1789458906.477542,POST,POST /api/v1/auth/login,85.407342,423,failure,Login falló con HTTP 423
1789458906.478117,POST,POST /api/v1/auth/login,83.366764,423,failure,Login falló con HTTP 423
1789458906.481973,POST,POST /api/v1/auth/login,90.958991,423,failure,Login falló con HTTP 423
1789458906.482638,POST,POST /api/v1/auth/login,93.075243,423,failure,Login falló con HTTP 423
1789458906.483246,POST,POST /api/v1/auth/login,90.795134,423,failure,Login falló con HTTP 423
1789458906.483871,POST,POST /api/v1/auth/login,93.993242,423,failure,Login falló con HTTP 423
1789458906.484439,POST,POST /api/v1/auth/login,95.498408,423,failure,Login falló con HTTP 423
1789458906.485307,POST,POST /api/v1/auth/login,89.048120,423,failure,Login falló con HTTP 423
1789458906.486175,POST,POST /api/v1/auth/login,88.126796,423,failure,Login falló con HTTP 423
1789458906.487380,POST,POST /api/v1/auth/login,94.035566,423,failure,Login falló con HTTP 423
1789458906.487984,POST,POST /api/v1/auth/login,89.583791,423,failure,Login falló con HTTP 423
1789458906.488510,POST,POST /api/v1/auth/login,92.606494,423,failure,Login falló con HTTP 423
1789458906.489300,POST,POST /api/v1/auth/login,96.529659,423,failure,Login falló con HTTP 423
1789458906.489911,POST,POST /api/v1/auth/login,92.406651,423,failure,Login falló con HTTP 423
1789458906.491074,POST,POST /api/v1/auth/login,94.202919,423,failure,Login falló con HTTP 423
1789458906.492140,POST,POST /api/v1/auth/login,94.382852,423,failure,Login falló con HTTP 423
1789458906.492664,POST,POST /api/v1/auth/login,93.644736,423,failure,Login falló con HTTP 423
1789458906.494457,POST,POST /api/v1/auth/login,97.216328,423,failure,Login falló con HTTP 423
1789458906.496686,POST,POST /api/v1/auth/login,97.947125,423,failure,Login falló con HTTP 423
1789458906.497261,POST,POST /api/v1/auth/login,97.371674,423,failure,Login falló con HTTP 423
1789458906.497577,POST,POST /api/v1/auth/login,103.125078,423,failure,Login falló con HTTP 423
1789458906.499803,POST,POST /api/v1/auth/login,99.205258,423,failure,Login falló con HTTP 423
1789458906.502197,POST,POST /api/v1/auth/login,108.560903,423,failure,Login falló con HTTP 423
1789458906.502922,POST,POST /api/v1/auth/login,106.324820,423,failure,Login falló con HTTP 423
1789458906.507536,POST,POST /api/v1/auth/login,104.754464,423,failure,Login falló con HTTP 423
1789458906.509278,POST,POST /api/v1/auth/login,109.655340,423,failure,Login falló con HTTP 423
1789458906.511224,POST,POST /api/v1/auth/login,111.065833,423,failure,Login falló con HTTP 423
1789458906.511776,POST,POST /api/v1/auth/login,109.367464,423,failure,Login falló con HTTP 423
1789458906.512311,POST,POST /api/v1/auth/login,111.193687,423,failure,Login falló con HTTP 423
1789458906.515103,POST,POST /api/v1/auth/login,113.395118,423,failure,Login falló con HTTP 423
1789458906.515933,POST,POST /api/v1/auth/login,116.591874,423,failure,Login falló con HTTP 423
1789458906.517253,POST,POST /api/v1/auth/login,115.142641,423,failure,Login falló con HTTP 423
1789458906.517926,POST,POST /api/v1/auth/login,123.766018,423,failure,Login falló con HTTP 423
1789458906.518543,POST,POST /api/v1/auth/login,117.682885,423,failure,Login falló con HTTP 423
1789458906.522121,POST,POST /api/v1/auth/login,120.695764,423,failure,Login falló con HTTP 423
