escenario,repeticion,intento,usuarios,duracion,total_requests,failures,failure_rate_percent,p95_ms,p99_ms,valida,observacion
fiabilidad_nominal_50u_1h_refresh_poblada,1,1,50,1h,89426,0,0.000000000,11.442185,23.211503,si,Campaña poblada post-evaluación; métricas reconstruidas directamente desde locust_requests.csv sobre GET de negocio; dataset controlado de 20 reservas; p95/p99 descriptivos.
fiabilidad_nominal_50u_1h_refresh_poblada,2,1,50,1h,89512,0,0.000000000,10.937077,21.817036,si,Campaña poblada post-evaluación; métricas reconstruidas directamente desde locust_requests.csv sobre GET de negocio; dataset controlado de 20 reservas; p95/p99 descriptivos.
fiabilidad_nominal_50u_1h_refresh_poblada,3,1,50,1h,89582,0,0.000000000,11.479889,22.765938,si,Campaña poblada post-evaluación; métricas reconstruidas directamente desde locust_requests.csv sobre GET de negocio; dataset controlado de 20 reservas; p95/p99 descriptivos.
fiabilidad_nominal_50u_1h_refresh_poblada,4,1,50,1h,89568,0,0.000000000,11.002075,23.860754,si,Campaña poblada post-evaluación; métricas reconstruidas directamente desde locust_requests.csv sobre GET de negocio; dataset controlado de 20 reservas; p95/p99 descriptivos.
fiabilidad_nominal_50u_1h_refresh_poblada,5,1,50,1h,89511,0,0.000000000,11.148107,23.128024,si,Campaña poblada post-evaluación; métricas reconstruidas directamente desde locust_requests.csv sobre GET de negocio; dataset controlado de 20 reservas; p95/p99 descriptivos.
fiabilidad_nominal_50u_1h_refresh_poblada,6,1,50,1h,89500,0,0.000000000,11.348761,24.511521,si,Campaña poblada post-evaluación; métricas reconstruidas directamente desde locust_requests.csv sobre GET de negocio; dataset controlado de 20 reservas; p95/p99 descriptivos.
fiabilidad_nominal_50u_1h_refresh_poblada,7,1,50,1h,89550,1,0.001116695,11.168729,23.518065,si,Campaña poblada post-evaluación; métricas reconstruidas directamente desde locust_requests.csv sobre GET de negocio; dataset controlado de 20 reservas; p95/p99 descriptivos.
fiabilidad_nominal_50u_1h_refresh_poblada,8,1,50,1h,89485,21,0.023467620,11.513912,27.120606,si,Campaña poblada post-evaluación; métricas reconstruidas directamente desde locust_requests.csv sobre GET de negocio; dataset controlado de 20 reservas; p95/p99 descriptivos.
fiabilidad_nominal_50u_1h_refresh_poblada,9,1,50,1h,89391,20,0.022373617,11.453620,24.838927,si,Campaña poblada post-evaluación; métricas reconstruidas directamente desde locust_requests.csv sobre GET de negocio; dataset controlado de 20 reservas; p95/p99 descriptivos.
fiabilidad_nominal_50u_1h_refresh_poblada,10,1,50,1h,89611,0,0.000000000,11.297333,21.675963,si,Campaña poblada post-evaluación; métricas reconstruidas directamente desde locust_requests.csv sobre GET de negocio; dataset controlado de 20 reservas; p95/p99 descriptivos.
